{
    "detected_objects": [
        {
            "index": 0,
            "X": 4.673267326732723,
            "Y": -4.101010101010058,
            "Z": 6e-15
        },
        {
            "index": 1,
            "X": 4.673267326732722,
            "Y": -4.101010101010058,
            "Z": 6e-15
        },
        {
            "index": 2,
            "X": 4.673267326732722,
            "Y": -4.101010101010056,
            "Z": 6e-15
        }
    ],
    "image_path": [
        "saved_frames\\left_image.jpg",
        "saved_frames\\right_image.jpg"
    ]
}