{
    "detected_objects": [
        {
            "index": 0,
            "X": -2.0952386474609375,
            "Y": 1.1801885986328124,
            "Z": 0.5
        },
        {
            "index": 1,
            "X": 3.5153564453125,
            "Y": 0.3289019775390625,
            "Z": 0.45569620253164556
        }
    ],
    "image_path": [
        "saved_frames\\left_image.jpg",
        "saved_frames\\right_image.jpg"
    ]
}