{
    "detected_objects": [
        {
            "index": 0,
            "X": -89.04800650935721,
            "Y": -18.74694873881204,
            "Z": 46.86737184703011
        }
    ],
    "image_path": [
        "saved_frames\\left_image.jpg",
        "saved_frames\\right_image.jpg"
    ]
}