{
    "detected_objects": [
        {
            "index": 0,
            "X": 4.722799999999999,
            "Y": -4.0576,
            "Z": 0.006
        },
        {
            "index": 1,
            "X": 4.7218,
            "Y": -4.0571,
            "Z": 0.006
        },
        {
            "index": 2,
            "X": 4.7218,
            "Y": -4.0562000000000005,
            "Z": 0.006
        }
    ],
    "image_path": [
        "saved_frames\\left_image.jpg",
        "saved_frames\\right_image.jpg"
    ]
}