{"joint_values": [3.0303197190747624, -0.6868232658772656, -1.5332171580833232, 0.9215518244278038, 1.460127375130937, 3.1415918543587966]}
{"joint_values": [-2.785209531651045, -0.428234818759458, -1.6163913894423876, 1.0969661743411745, 1.9277834503503646, 3.141593567365574]}
