{"joint_values": [-0.5757177856864003, -0.574105560657669, -1.27978108817426, -1.8538867520162103, 0.5757177831312027, -1.5434538815088455e-07]}
{"joint_values": [-0.8210319021429601, -0.5413073627386136, -1.3339980469245487, -1.875305475563226, 0.8210318995877612, -1.0960457198594823e-07]}
{"joint_values": [-0.9458878168012643, -0.8576259354187539, -0.7735120269340432, -1.631138020069542, 0.945887814246065, -9.786878224090168e-08]}