{"joint_values": [1.9302607605209603, 0.5741045136525728, 1.279782731634865, 1.8538872475747752, -1.9302607606874993, -6.931536483914872e-09]}
{"joint_values": [1.6701396687439922, 0.5413077551396621, 1.3339974379932904, 1.8753051951954693, -1.6701396689105312, -6.295232297868857e-09]}
